Workbook
Name CF: Funções!$L$8:$L$40
Name Data: Contagem!$X$7
Name Projeto: Contagem!$F$6
Name Responsável: Contagem!$F$7
Name Revisão: Contagem!$X$8
Name Revisor: Contagem!$F$8
Name UFPB: Contagem!$Y$11
Name VAF: #REF!
Name VAFA: #REF!
Name VAFB: #REF!

Sheet Contagem
A1: Identificação da Contagem
A4: Empresa | F4: TRIBUNAL REGIONAL DO TRABALHO DA 9ª REGIÃO | R4: R$/PF | U4: Custo | W4: =W5*T4 -> 0
A5: Aplicação | U5: PF | W5: =SUM(Y10:Y13) -> 99
A6: Projeto
A7: Responsável | U7: Criação
A8: Revisor | U8: Revisão
A9: Tipo de contagem | C9: Indicativa | O9: Sumário | Q9: Tamanho Funcional (PF) | U9: Deflator | Y9: PF Local
C10: Estimativa | Q10: ADD | S10: =Sumário!E55 -> 99 | U10: 1 | Y10: =S10*U10 -> 99
C11: Projeto de Desenvolvimento | Q11: CHG | S11: =Sumário!E56 -> 0 | U11: 1 | Y11: =S11*U11 -> 0
C12: Projeto de Melhoria | Q12: DEL | S12: =Sumário!E57 -> 0 | U12: 1 | Y12: =S12*U12 -> 0
C13: Aplicação ( Baseline ) | S13: =Sumário!E58 -> 0 | Y13: =S13*U13 -> 0
K15: Propósito da Contagem
K25: Escopo da Contagem

Sheet Funções
A1: Planilha de contagem de ponto de função - Versão 2.0
A4: =Contagem!A5&" : "&Contagem!F5 -> Aplicação : | H4: =Contagem!A6&" : "&Contagem!F6 -> Projeto :
A5: =Contagem!A7&" : "&Contagem!F7 -> Responsável : | H5: =Contagem!A8&" : "&Contagem!F8 -> Revisor :
A6: =Contagem!A4&" : "&Contagem!F4 -> Empresa : TRIBUNAL REGIONAL DO TRABALHO DA 9ª REGIÃO | F6: =Contagem!R4&" = "&VALUE(Contagem!T4) -> R$/PF = 0 | I6: =" Custo= "&DOLLAR(Contagem!W4) -> Custo= $0.00 | O6: ="PF = "&VALUE(Contagem!W5) -> PF = 99
A7: Função | G7: REF. | H7: Tipo | I7: (I/A/E) | J7: TD | K7: AR/TR | L7: ctl | M7: C | N7: Complex. | O7: PF | P7: PF Local | Q7: Observações
A8: Aluno | H8: AIE | I8: I | J8: 7 | K8: 1 | N8: Média | O8: =VLOOKUP(H8, 'Pesos IFPUG'!$A$2:$D$6, MATCH(N8, 'Pesos IFPUG'!$A$1:$D$1, 0), FALSE) -> 7 | Q8: Dados pessoais e vínculo retornados pela API
A9: Disciplinas | H9: AIE | I9: I | J9: 6 | K9: 2 | N9: Média | O9: =VLOOKUP(H9, 'Pesos IFPUG'!$A$2:$D$6, MATCH(N9, 'Pesos IFPUG'!$A$1:$D$1, 0), FALSE) -> 7 | Q9: Lista de disciplinas e matrículas do aluno
A10: Notas | H10: AIE | I10: I | J10: 5 | K10: 3 | N10: Média | O10: =VLOOKUP(H10, 'Pesos IFPUG'!$A$2:$D$6, MATCH(N10, 'Pesos IFPUG'!$A$1:$D$1, 0), FALSE) -> 7 | Q10: Notas, avaliações e médias retornadas pela API
A11: Faltas | H11: AIE | I11: I | J11: 5 | K11: 2 | N11: Média | O11: =VLOOKUP(H11, 'Pesos IFPUG'!$A$2:$D$6, MATCH(N11, 'Pesos IFPUG'!$A$1:$D$1, 0), FALSE) -> 7 | Q11: Frequência e faltas por disciplina
A12: Grade Horária | H12: AIE | I12: I | J12: 4 | K12: 2 | N12: Média | O12: =VLOOKUP(H12, 'Pesos IFPUG'!$A$2:$D$6, MATCH(N12, 'Pesos IFPUG'!$A$1:$D$1, 0), FALSE) -> 7 | Q12: Aulas semanais por dia e horário
A13: Documentos | H13: AIE | I13: I | J13: 4 | K13: 1 | N13: Média | O13: =VLOOKUP(H13, 'Pesos IFPUG'!$A$2:$D$6, MATCH(N13, 'Pesos IFPUG'!$A$1:$D$1, 0), FALSE) -> 7 | Q13: Tipos de documentos e solicitações anteriores
A14: Solicitações Acadêmicas | H14: AIE | I14: I | J14: 4 | K14: 1 | N14: Média | O14: =VLOOKUP(H14, 'Pesos IFPUG'!$A$2:$D$6, MATCH(N14, 'Pesos IFPUG'!$A$1:$D$1, 0), FALSE) -> 7 | Q14: Dados de trancamento, revisão, rematrícula etc
A15: Login | H15: EE | I15: I | J15: 2 | K15: 1 | N15: Baixa | O15: =VLOOKUP(H15, 'Pesos IFPUG'!$A$2:$D$6, MATCH(N15, 'Pesos IFPUG'!$A$1:$D$1, 0), FALSE) -> 3 | Q15: Envia RA/email e senha para autenticar
A16: Solicitar Documento | H16: EE | I16: I | J16: 2 | K16: 2 | N16: Média | O16: =VLOOKUP(H16, 'Pesos IFPUG'!$A$2:$D$6, MATCH(N16, 'Pesos IFPUG'!$A$1:$D$1, 0), FALSE) -> 4 | Q16: Envia tipo + dados da solicitação
A17: Solicitar Rematrícula | H17: EE | I17: I | J17: 1 | K17: 2 | N17: Média | O17: =VLOOKUP(H17, 'Pesos IFPUG'!$A$2:$D$6, MATCH(N17, 'Pesos IFPUG'!$A$1:$D$1, 0), FALSE) -> 4 | Q17: Envia disciplinas selecionadas
A18: Solicitar Trancamento | H18: EE | I18: I | J18: 1 | K18: 1 | N18: Média | O18: =VLOOKUP(H18, 'Pesos IFPUG'!$A$2:$D$6, MATCH(N18, 'Pesos IFPUG'!$A$1:$D$1, 0), FALSE) -> 4 | Q18: Envia motivo e dados da solicitação
A19: Solicitar Revisão de Nota | H19: EE | I19: I | J19: 1 | K19: 1 | N19: Média | O19: =VLOOKUP(H19, 'Pesos IFPUG'!$A$2:$D$6, MATCH(N19, 'Pesos IFPUG'!$A$1:$D$1, 0), FALSE) -> 4 | Q19: Envia pedido de revisão
... A26: Painel de Desempenho | H26: SE | I26: I | J26: 4 | K26: 2 | N26: Média | O26: =VLOOKUP(H26, 'Pesos IFPUG'!$A$2:$D$6, MATCH(N26, 'Pesos IFPUG'!$A$1:$D$1, 0), FALSE) -> 5 | Q26: Exibe gráfico de histórico de notas

Sheet Sumário
A1: Sumário da Contagem
A4: =Contagem!A5&" : "&Contagem!F5 -> Aplicação : | F4: =Contagem!A6&" : "&Contagem!F6 -> Projeto :
A5: =Contagem!A7&" : "&Contagem!F7 -> Responsável : | F5: =Contagem!A8&" : "&Contagem!F8 -> Revisor :
A6: =Contagem!A4&" : "&Contagem!F4 -> Empresa : TRIBUNAL REGIONAL DO TRABALHO DA 9ª REGIÃO | F6: =Contagem!R4&" = "&VALUE(Contagem!T4) -> R$/PF = 0 | H6: =" Custo= "&DOLLAR(Contagem!W4) -> Custo= $0.00 | K6: ="PF = "&VALUE(Contagem!W5) -> PF = 99
A7: Tipo de Função | C7: Complexidade Funcional | G7: Total por Complexidade | I7: %
B10: EE | C10: =COUNTIF(Funções!H:H,"EE") * 3 -> 15 | E10: Baixa | F10: x 3 | G10: =C10*3 -> 45
C11: =COUNTIF(Funções!H:H,"EE") * 4 -> 20 | E11: Média | F11: x 4 | G11: =C11*4 -> 80
C12: =COUNTIF(Funções!H:H,"EE") * 6 -> 30 | E12: Alta | F12: x 6 | G12: =C12*6 -> 180
B14: Total | C14: =SUM(C10:C12) -> 65 | F14: Total | G14: =SUM(G10:G12) -> 305 | I14: =IF($G$45<>0,G14/$G$45,"") -> 0.14973
B17: SE | C17: =COUNTIF(Funções!H:H,"SE") * 4 -> 12 | E17: Baixa | F17: x 4 | G17: =C17*4 -> 48
C18: =COUNTIF(Funções!H:H,"SE") * 5 -> 15 | E18: Média | F18: x 5 | G18: =C18*5 -> 75
C19: =COUNTIF(Funções!H:H,"SE") * 7 -> 21 | E19: Alta | F19: x 7 | G19: =C19*7 -> 147
B21: Total | C21: =SUM(C17:C19) -> 48 | F21: Total | G21: =SUM(G17:G19) -> 270 | I21: =IF($G$45<>0,G21/$G$45,"") -> 0.13254786
B24: CE | C24: =COUNTIF(Funções!H:H,"CE") * 3 -> 12 | E24: Baixa | F24: x 3 | G24: =C24*3 -> 36
C25: =COUNTIF(Funções!H:H,"CE") * 4 -> 16 | E25: Média | F25: x 4 | G25: =C25*4 -> 64
C26: =COUNTIF(Funções!H:H,"CE") * 6 -> 24 | E26: Alta | F26: x 6 | G26: =C26*6 -> 144
B28: Total | C28: =SUM(C24:C26) -> 52 | F28: Total | G28: =SUM(G24:G26) -> 244 | I28: =IF($G$45<>0,G28/$G$45,"") -> 0.119784
B31: ALI | C31: =COUNTIF(CF,"ALIL") -> 0 | E31: Baixa | F31: x 7 | G31: =C31*7 -> 0
C32: =COUNTIF(CF,"ALIA") -> 0 | E32: Média | F32: x 10 | G32: =C32*10 -> 0
C33: =COUNTIF(CF,"ALIH") -> 0 | E33: Alta | F33: x 15 | G33: =C33*15 -> 0
B35: Total | C35: =SUM(C31:C33) -> 0 | F35: Total | G35: =SUM(G31:G33) -> 0 | I35: =IF($G$45<>0,G35/$G$45,"") -> 0
B38: AIE | C38: =COUNTIF(Funções!H:H,"AIE") * 5 -> 35 | E38: Baixa | F38: x 5 | G38: =C38*5 -> 175
C39: =COUNTIF(Funções!H:H,"AIE") * 7 -> 49 | E39: Média | F39: x 7 | G39: =C39*7 -> 343
C40: =COUNTIF(Funções!H:H,"AIE") * 10 -> 70 | E40: Alta | F40: x 10 | G40: =C40*10 -> 700
B42: Total | C42: =SUM(C38:C40) -> 154 | F42: Total | G42: =SUM(G38:G40) -> 1218 | I42: =IF($G$45<>0,G42/$G$45,"") -> 0.59793814
B45: Total PF (contagem detalhada) | G45: =SUM(G14+G21+G28+G35+G42) -> 2037
B46: Total PF (contagem estimativa) | G46: =(C10+C11+C12)*4+(C17+C18+C19)*5+(C24+C25+C26)*4+(C31+C32+C33)*7+(C38+C39+C40)*5 -> 1478
B47: Total PF (contagem indicativa) | G47: =(C31+C32+C33)*35+(C38+C39+C40)*15 -> 2310
B53: Total de PF Local
E54: PF | F54: DFL | G54: PF LOCAL
B55: INCLUSÃO (ADD) | E55: =SUMIF(Funções!$I$8:$I$40,"I",Funções!$O$8:$O$40) -> 99 | F55: =Contagem!U10 -> 1 | G55: =F55*E55 -> 99 | K55: TOTAL
B56: ALTERAÇÃO (CHG) | E56: =SUMIF(Funções!$I$8:$I$40,"A",Funções!$O$8:$O$40) -> 0 | F56: =Contagem!U11 -> 1 | G56: =F56*E56 -> 0 | K56: =Contagem!W5 -> 99
B57: EXCLUSÃO (DEL) | E57: =SUMIF(Funções!$I$8:$I$40,"E",Funções!$O$8:$O$40) -> 0 | F57: =Contagem!U12 -> 1 | G57: =F57*E57 -> 0
B58: TESTE (TST) | E58: =SUMIF(Funções!$I$8:$I$40,"T",Funções!$O$8:$O$40) -> 0 | F58: =Contagem!U13 -> 0 | G58: =F58*E58 -> 0

Sheet Estimativas
A1: UC | B1: PF
A3: Total | B3: =VALUE(Contagem!W5) -> 99
A5: Prazo almejado (meses) | B5: 1
A7: ESTIMATIVA COM BASE NA
A8: PRODUTIVIDADE DO SETOR PÚBLICO
A9: PF/hora | B9: 0.23
A10: Total horas | B10: =B3/B9 -> 430.43478
A11: Horas / Homem-mês TRT9 | B11: 120
A12: Esforço/pessoas no prazo desejado | B12: =CEILING(B10/(B5*B11),1) -> 4
A14: ESFORÇO POR ATIVIDADE (h)
A15: Análise de Requisitos (20%) | B15: =B$10*0.2 -> 86.086957
A16: Análise e Projeto (30%) | B16: =B$10*0.3 -> 129.13043
A17: Implementação e Testes (40%) | B17: =B$10*0.4 -> 172.17391
A18: Disponibilização (10%) | B18: =B$10*0.1 -> 43.043478
A20: ESFORÇO POR ATIVIDADE / MÊS (h)
A21: Análise de Requisitos (20%) | B21: =(B$10*0.2)/$B$5 -> 86.086957
A22: Análise e Projeto (30%) | B22: =B$10*0.3/$B$5 -> 129.13043
A23: Implementação e Testes (40%) | B23: =B$10*0.4/$B$5 -> 172.17391
A24: Disponibilização (10%) | B24: =B$10*0.1/$B$5 -> 43.043478
A26: ESFORÇO POR ATIVIDADE / MÊS (PF)
A27: Análise de Requisitos (20%) | B27: =$B$3*0.2/$B$5 -> 19.8
A28: Análise e Projeto (30%) | B28: =$B$3*0.3/$B$5 -> 29.7
A29: Implementação e Testes (40%) | B29: =$B$3*0.4/$B$5 -> 39.6
A30: Disponibilização (10%) | B30: =$B$3*0.1/$B$5 -> 9.9
A32: PRAZO MÁXIMO MESES (fórmula PROCERGS) | B32: =B3/(19*LN(B3)-42) -> 2.1850794

Sheet Pesos IFPUG
A1: Tipo | B1: Baixa | C1: Média | D1: Alta
A2: ALI | B2: 7 | C2: 10 | D2: 15
A3: AIE | B3: 5 | C3: 7 | D3: 10
A4: EE | B4: 3 | C4: 4 | D4: 6
A5: CE | B5: 3 | C5: 4 | D5: 6
A6: SE | B6: 4 | C6: 5 | D6: 7
A9: Descrição
A10: ALI – Arquivos Lógicos Internos (bases de dados próprias do sistema)
A11: AIE – Arquivos de Interface Externos (bases externas apenas lidas)
A12: EE – Entradas Externas (telas que gravam dados)
A13: SE – Saídas Externas (relatórios, consultas com lógica)
A14: CE – Consultas Externas (consultas simples, sem cálculos complexos)
